{
  "sites": [
    {
      "key": "紙條",
      "name": "紙條",
      "type": 3,
      "api": "csp_Paper",
      "searchable": 1,
      "filterable": 1,
      "switchable": 0,
      "ext": "https://agit.ai/Yoursmile7/TVBox/raw/branch/master/token.txt",
      "jar": "https://gh-proxy.com/https://raw.githubusercontent.com/FongMi/CatVodSpider/main/jar/custom_spider.jar;md5;5f350e3b859432e66db59eebc3ccce78"
    },
    {
      "key": "易搜",
      "name": "易搜",
      "type": 3,
      "api": "csp_YiSo",
      "searchable": 1,
      "filterable": 0,
      "switchable": 0,
      "ext": "https://agit.ai/Yoursmile7/TVBox/raw/branch/master/token.txt",
      "jar": "https://gh-proxy.com/https://raw.githubusercontent.com/FongMi/CatVodSpider/main/jar/custom_spider.jar;md5;5f350e3b859432e66db59eebc3ccce78"
    },
    {
      "key": "盤搜",
      "name": "盤搜",
      "type": 3,
      "api": "csp_PanSou",
      "searchable": 1,
      "filterable": 0,
      "switchable": 0,
      "ext": "https://agit.ai/Yoursmile7/TVBox/raw/branch/master/token.txt",
      "jar": "https://gh-proxy.com/https://raw.githubusercontent.com/FongMi/CatVodSpider/main/jar/custom_spider.jar;md5;5f350e3b859432e66db59eebc3ccce78"
    },
    {
      "key": "UP雲搜",
      "name": "UP雲搜",
      "type": 3,
      "api": "csp_UpYun",
      "searchable": 1,
      "filterable": 0,
      "switchable": 0,
      "ext": "https://agit.ai/Yoursmile7/TVBox/raw/branch/master/token.txt",
      "jar": "https://gh-proxy.com/https://raw.githubusercontent.com/FongMi/CatVodSpider/main/jar/custom_spider.jar;md5;5f350e3b859432e66db59eebc3ccce78"
    },
    {
      "key": "找資源",
      "name": "找資源",
      "type": 3,
      "api": "csp_Zhaozy",
      "searchable": 1,
      "filterable": 0,
      "switchable": 0,
      "ext": "https://agit.ai/Yoursmile7/TVBox/raw/branch/master/token.txt$$$yingshi$$$abcd1234",
      "jar": "https://gh-proxy.com/https://raw.githubusercontent.com/FongMi/CatVodSpider/main/jar/custom_spider.jar;md5;5f350e3b859432e66db59eebc3ccce78"
    },
    {
      "key": "push_agent",
      "name": "推送",
      "type": 3,
      "api": "csp_Push",
      "searchable": 1,
      "filterable": 0,
      "switchable": 0,
      "ext": "https://agit.ai/Yoursmile7/TVBox/raw/branch/master/token.txt",
      "jar": "https://gh-proxy.com/https://raw.githubusercontent.com/FongMi/CatVodSpider/main/jar/custom_spider.jar;md5;5f350e3b859432e66db59eebc3ccce78"
    }
  ]
}